Tim,Maggot,male
Menegilda,Sandyman,female
Duenna,Grubb,female
Jasmine,Zaragamba,female
Poppy,Brown,female
Regina,Burrows,female
Rhoda,Button,female
Semolina,Gaukrogers,female
Celendine,Banks,female
Malva,Mugwort,female
Duenna,Boffin,female
Carambo,Galbassi,male
Samwise,Banks,male
Ceredic,Diggle,male
Melilot,Gammidge,female
Hildifons,Smallburrow,male
Cara,Goold,female
Gruffo,Goodchild,male
Caradoc,Underhill,male
Belba,Took,female
Bertha,Burrows,female
Faramond,Gammidge,male
Tom,Maggot,male
Cornelia,Twofoot,female
Gloriana,Brownlock,female
Sancho,Greenhand,male
Pearl,Burrows,female
Andwise,Smallburrow,male
Peregrin,Baggins,male
Tomacca,Lightfoot,male
Gilly,Lothran,female
Gilly,Tunnelly,female
Ted,Maggot,male
Poppy,Goldworthy,female
Lalia,Gamgee,female
Valdemar,Clayhanger,male
Moro,Took,male
Nina,Labingi,female
Pandora,Gamgee,female
Gringamor,Goold,male
Uffo,Took-Brandybuck,male
Cornelia,Clayhanger,female
Pamphila,Brown,female
Cottar,Goodchild,male
Doderic,Longhole,male
Mantissa,Twofoot,female
Eglantine,Underhill,female
Odo,Brandybuck,male
Toby,Gardner,male
Elanor,Galbassi,female
Hildigard,Burrowes,male
Alberic,Underhill,male
Marmaduc,Greenhand,male
Milo,Hayward,male
Heribald,Burrowes,male
Cara,Brockhouse,female
Laura,Took-Took,female
Regina,Maggot,female
Robin,Bracegirdle,male
Haiduc,Twofoot,male
Harding,Sandheaver,male
Arabella,Labingi,female
Rowan,Roper,female
Savanna,Goodbody,female
Pandora,Oldbuck,female
Pandora,Goldworthy,female
Togo,Hogpen,male
Porro,Puddifoot,male
Rose,Brandagamba,female
Mentha,Chubb,female
Cora,Clayhanger,female
Melba,Button,female
Amethyst,Labingi,female
Linda,Oldbuck,female
Fatima,Sackville-Baggins,female
Prospero,Rumble,male
Rorimac,Sandyman,male
Gerontius,Greenhand,male
Mentha,Longhole,female
Caramella,Goldworthy,female
Bingo,Boffin,male
Blanco,Clayhanger,male
Bellisima,Fairbairn,female
Angelica,Chubb-Baggins,female
Jasmine,Oldbuck,female
Melba,Gaukrogers,female
Minto,Zaragamba,male
Porro,Boffin,male
Jasmine,Burrowes,female
Mosco,Rumble,male
Longo,Burrows,male
Mimosa,Twofoot,female
Guido,Burrows,male
Goodwill,Brown,male
Pervinca,Roper,female
Alfrida,Took-Brandybuck,female
Celendine,Lothran,female
Bilba,Longhole,male
Ceredic,Noakes,male
Isumbras,Lightfoot,male
Tanta,Brown,female
Holman,Brandagamba,male
Odovacar,Took-Took,male
Ponto,Grubb,male
Marmadoc,Roper,male
Columbus,Galbassi,male
Rudibert,Goold,male
Grimalda,Gaukrogers,female
Rosa,Longhole,female
Mirabella,Whitfoot,female
Ilberic,Brownlock,male
Gloriana,Sackville,female
Pansy,Bolger-Baggins,female
Gruffo,Bunce,male
Holfast,Sandheaver,male
Halfred,Baggins,male
Bellisima,Underhill,female
Linda,Lothran,female
Ranugad,Underhill,male
Rhoda,Bunce,female
Amanda,Brandybuck,female
Amalda,Burrows,female
Jessamine,Lightfoot,female
Bildad,Gaukrogers,male
Melilot,Whitfoot,female
Mimosa,Sackville-Baggins,female
Goldilocks,Goodbody,female
"Chica ",Hornblower,female
Cora,Noakes,female
Maxima,Fairbairn,female
Jago,Bolger-Baggins,male
Dora,Puddifoot,female
Asphodel,Gamgee,female
Asphodel,Gammidge,female
Uffo,Gardner,male
Doderic,Proudfoot,male
Sagramor,Boffin,male
Mirabella,Lightfoot,female
Rorimac,Grubb,male
Primrose,Whitfoot,female
Donnamira,Brockhouse,female
Flavus,Brandybuck,male
Cara,Goldworthy,female
Jessamine,Maggot,female
Paladin,Proudfoot,male
Caramella,Bolger,female
Marco,Goldworthy,male
Bellisima,Boffin,female
Rorimac,Fairbairn,male
Bertha,Goldworthy,female
Amethyst,Smallburrow,female
Fosco,Labingi,male
Amanda,Hogpen,female
Olo,Took-Took,male
Savanna,Oldbuck,female
Bellisima,Headstrong,female
Jasmine,Noakes,female
"Chica ",Bolger-Baggins,female
Berylla,Sandyman,female
Hilda,Underhill,female
Dinodas,Headstrong,male
Cara,Labingi,female
Selina,Bunce,female
Peregrin,Baggins,male
Bilba,Tûk,male
Fastred,Noakes,male
Madoc,Rumble,male
Duenna,Goodchild,female
Jolly,Zaragamba,male
Yolanda,Goldworthy,female
Columbus,Roper,male
Gorbulas,Brockhouse,male
Alfrida,Tûk,female
Poppy,Burrowes,female
Bandobras,Underhill,male
Razanur,Gaukrogers,male
Athanaric,Gammidge,male
Rosamunda,Hayward,female
Adaldrida,Galbassi,female
Rosa,Labingi,female
Semolina,Tûk,female
Mantissa,Boffin,female
Inigo,Chubb,male
Myrtle,Gammidge,female
Sancho,Grubb,male
Peony,Bracegirdle,female
Adaldrida,Twofoot,female
Elanor,Twofoot,female
Daisy,Hayward,female
Mosco,Labingi,male
Duenna,Galbassi,female
Déagol,Gammidge,male
Sagramor,Bolger,male
Rudibert,Brown,male
Esmeralda,Boffin,female
Nina,Sackville-Baggins,female
Balbo,Took,male
Nob,Gardner,male
Daisy,Hayward,female
Rufus,Sackville,male
Pandora,Banks,female
Berylla,Banks,female
Primula,Fairbairn,female
Sadoc,Brockhouse,male
Mantissa,Brandybuck,female
Isembold,Zaragamba,male
Mantissa,Sackville,female
Jessamine,Tunnelly,female
Lalia,Chubb,female
Erling,Tunnelly,male
Donnamira,Mugwort,female
Primula,Boffin,female
Savanna,Lightfoot,female
Mimosa,Burrowes,female
May,Goodchild,female
Mosco,Took,male
Roderic,Burrowes,male
Timba,Rumble,male
Belba,Bolger-Baggins,female
Scudamor,Whitfoot,male
Lalia,Bolger,female
Mentha,Tunnelly,female
Maura,Brownlock,male
Esmeralda,Lothran,female
Hildigrim,Sackville-Baggins,male
Mentha,Noakes,female
Griffo,Hogpen,male
Cara,Took-Took,female
Hildigrim,Hogpen,male
Gringamor,Whitfoot,male
Belinda,Hornblower,female
Estella,Labingi,female
Obo,Goodchild,male
Lobelia,Longhole,female
Bilba,Took-Took,male
Primrose,Hogpen,female
Cedivar,Tûk,male
Iolo,Brandybuck,male
Gilly,Oldbuck,female
Laura,Gammidge,female
Gilly,Bolger,female
Asphodel,Greenhand,female
Pimpernel,Button,female
Bowman,Twofoot,male
Angelica,Boffin,female
Vigo,Brown,male
Berilac,Took-Brandybuck,male
Bungo,Smallburrow,male
Bilcuzal,Noakes,male
Moro,Gawkroger,male
Myrtle,Brandybuck,female
Nob,Gamgee,male
Melilot,Gammidge,female
Gorhendad,Goold,male
Balbo,Labingi,male
Amalda,Goldworthy,female
Diamanda,Brandybuck,female
Grimalda,Labingi,female
Tanta,Lothran,female
Rosamunda,Banks,female
Diamanda,Sackville-Baggins,female
Marmaduc,Took-Brandybuck,male
Matilda,Hogpen,female
Rhoda,Rumble,female
Melba,Zaragamba,female
Amanda,Gardner,female
Robinia,Oldbuck,female
Alberic,Greenhand,male
Magnus,Headstrong,male
Nicol,Sackville,male
"Chica ",Twofoot,female
Elfstan,Sackville,male
Cora,Hayward,female
Eglantine,Brown,female
Fortinbras,Brown,male
Rosamunda,Bolger-Baggins,female
Prisca,Goodchild,female
Athanaric,Proudfoot,male
Rowan,Bolger-Baggins,female
Eglantine,Mugwort,female
Roderic,Twofoot,male
Regina,Button,female
Angelica,Greenhand,female
Bertha,Noakes,female
Doderic,Roper,male
Yolanda,Button,female
Melba,Goodchild,female
Gerda,Bracegirdle,female
Fosco,Brandybuck,male
Primula,Baggins,female
Hal,Grubb,male
Sméagol,Greenhand,male
Jasmine,Mugwort,female
Crassus,Chubb-Baggins,male
Pansy,Hornblower,female
Diamond,Tunnelly,female
Saradas,Gaukrogers,male
Elanor,Headstrong,female
Jemima,Diggle,female
Esmeralda,Oldbuck,female
Estella,Tûk,female
Mattalic,Baggins,male
Belladonna,Galbassi,female
Jasmine,Maggot,female
Selina,Took,female
Cora,Mugwort,female
Laura,Burrowes,female
Gorbaduc,Noakes,male
Wilcome,Smallburrow,male
Rufus,Smallburrow,male
Dora,Twofoot,female
Primrose,Chubb,female
Merry,Sandheaver,male
Nahand,Tunnelly,male
Lavinia,Hayward,female
Fortinbras,Boffin,male
Melilot,Goodchild,female
Gundabald,Brockhouse,male
Celendine,Twofoot,female
Diamanda,Gaukrogers,female
Ruby,Brown,female
Grossman,Took-Brandybuck,male
Obo,Smallburrow,male
Fortinbras,Zaragamba,male
Dudo,Gamgee,male
Elanor,Sackville-Baggins,female
Camelia,Brown,female
Pansy,Brown,female
Rowan,Whitfoot,female
Peony,Gammidge,female
Tolman,Goodchild,male
Camelia,Twofoot,female
Primula,Goldworthy,female
Rudolph,Rumble,male
Everard,Brandybuck,male
Reginard,Hogpen,male
Dinodas,Longhole,male
Pervinca,Tûk,female
Dudo,Rumble,male
Chilimanzar,Sandheaver,male
Seredic,Button,male
Gorbulas,Brockhouse,male
Estella,Mugwort,female
Marigold,Puddifoot,female
Iago,Hogpen,male
Folcard,Burrows,male
Jemima,Whitfoot,female
Hobson,Banks,male
Rosamunda,Longhole,female
Samlad,Banks,male
Mentha,Bunce,female
Pippin,Brownlock,male
Fortinbras,Gaukrogers,male
Hamilcar,Brandagamba,male
Töbi,Lightfoot,male
Caradas,Gardner,male
"Chica ",Maggot,female
Marmaduc,Button,male
Elanor,Brandybuck,female
Jessamine,Banks,female
Angelica,Bracegirdle,female
Regina,Diggle,female
Seredic,Chubb,male
Arabella,Diggle,female
Uffo,Hogpen,male
"Nora ",Gardner,female
Myrtle,Gawkroger,female
Bildat,Zaragamba,male
Pimpernel,Gaukrogers,female
Milo,Proudfoot,male
Wilibald,Brown,male
Amalda,Clayhanger,female
Tomacca,Hayward,male
Marmaduc,Rumble,male
Lavinia,Brownlock,female
Melissa,Headstrong,female
Donnamira,Brandagamba,female
Seredic,Tunnelly,male
Pearl,Maggot,female
Flavus,Brockhouse,male
Linda,Bolger,female
Isumbras,Brandagamba,male
Rowan,Twofoot,female
Gorhendad,Goodbody,male
Bosco,Bunce,male
Diamanda,Hayward,female
Lalia,Tûk,female
Amaranth,Tûk,female
Lamorac,Gammidge,male
Asphodel,Galbassi,female
Rowan,Brockhouse,female
Mentha,Sackville-Baggins,female
Tanta,Galbassi,female
Gerda,Hornblower,female
Celendine,Labingi,female
Donnamira,Hornblower,female
Ponto,Took,male
Bertha,Hayward,female
Mattalic,Maggot,male
Kalimac,Whitfoot,male
Nina,Bolger,female
Merimac,Lothran,male
Wilimar,Labingi,male
Pimpernel,Rumble,female
Mungo,Boffin,male
Tomacca,Gawkroger,male
Gorbaduc,Tunnelly,male
Alaric,Brandagamba,male
Fulvus,Took-Brandybuck,male
Fastolph,Mugwort,male
Flavus,Galbassi,male
Ponto,Clayhanger,male
Camelia,Goodchild,female
Pippin,Gawkroger,male
Jessamine,Oldbuck,female
Will,Took-Brandybuck,male
May,Bracegirdle,female
Merry,Boffin,male
Adelgrim,Mugwort,male
Obo,Goold,male
Malva,Headstrong,female
Trahand,Goldworthy,male
Mentha,Roper,female
Goldilocks,Greenhand,female
Paladin,Maggot,male
Belba,Lightfoot,female
Bildad,Goldworthy,male
Nina,Whitfoot,female
Pimpernel,Diggle,female
Lavinia,Brownlock,female
Briffo,Hayward,male
Jessamine,Greenhand,female
Amanda,Goodchild,female
Matilda,Puddifoot,female
Conrad,Hornblower,male
Lily,Grubb,female
Habaccuc,Oldbuck,male
Amalda,Gardner,female
Rosa,Burrowes,female
Gundabald,Sandheaver,male
Adelgrim,Hogpen,male
Goodwill,Banks,male
Alfrida,Puddifoot,female
Dodinas,Took,male
Salvia,Rumble,female
Pamphila,Hornblower,female
Tobold,Longhole,male
Folco,Headstrong,male
Melilot,Sandyman,female
Gloriana,Brownlock,female
Myrtle,Diggle,female
Adaldrida,Gamgee,female
Gorhendad,Goldworthy,male
Fortinbras,Boffin,male
Estella,Chubb,female
Lobelia,Twofoot,female
Pansy,Rumble,female
Madoc,Gaukrogers,male
Fortinbras,Chubb,male
Rollo,Greenhand,male
Ruby,Goodchild,female
Frodo,Bracegirdle,male
Bodo,Tunnelly,male
Amaranth,Tunnelly,female
Priamus,Puddifoot,male
Bilcuzal,Hornblower,male
Miranda,Button,female
Grossman,Galbassi,male
Vigo,Burrows,male
Daisy,Zaragamba,female
Rhoda,Mugwort,female
Marcho,Rumble,male
Donnamira,Clayhanger,female
Ansegar,Lothran,male
Lalia,Underhill,female
Grossman,Diggle,male
Saradas,Gammidge,male
Daisy,Burrows,female
Melampus,Maggot,male
Ceredic,Sackville,male
Ansegar,Took-Brandybuck,male
Carambo,Chubb-Baggins,male
May,Sackville-Baggins,female
Berilac,Brockhouse,male
Tomba,Sandheaver,male
Lobelia,Gammidge,female
Merry,Diggle,male
Hugo,Hayward,male
Saradoc,Tûk,male
Peony,Greenhand,female
Diamanda,Goodbody,female
Ruby,Grubb,female
Bungo,Gamgee,male
Olo,Maggot,male
Laura,Hornblower,female
Posco,Whitfoot,male
Iolo,Diggle,male
Madoc,Rumble,male
Elanor,Twofoot,female
Bellisima,Bunce,female
Wilibald,Took,male
Hobson,Goldworthy,male
Bosco,Rumble,male
Holman,Banks,male
Theodoric,Gawkroger,male
Marco,Goldworthy,male
Wilcome,Underhill,male
Posco,Zaragamba,male
Myrtle,Baggins,female
Sagramor,Chubb,male
Ruby,Hayward,female
Primrose,Maggot,female
Semolina,Underhill,female
Razanur,Rumble,male
Diamanda,Sandheaver,female
Cornelia,Mugwort,female
Togo,Brockhouse,male
Grimalda,Puddifoot,female
Adelard,Bracegirdle,male
Menegilda,Brockhouse,female
Athanaric,Mugwort,male
Timba,Underhill,male
Dora,Puddifoot,female
Rhoda,Gawkroger,female
Diamanda,Gammidge,female
Rudolph,Goldworthy,male
Tomacca,Mugwort,male
Marigold,Mugwort,female
Rhoda,Sackville-Baggins,female
Amalda,Tûk,female
Savanna,Boffin,female
Wilcome,Bunce,male
Habaccuc,Sackville-Baggins,male
Caramella,Fairbairn,female
Nina,Brownlock,female
Bell,Hogpen,female
Bungo,Hogpen,male
Nina,Roper,female
Jasmine,Bunce,female
Mirabella,Chubb,female
Mat,Gaukrogers,male
Orlando,Oldbuck,male
Semolina,Hogpen,female
Sméagol,Twofoot,male
Hildigard,Goodbody,male
Bungo,Gaukrogers,male
Pandora,Took-Took,female
Rose,Grubb,female
Haiduc,Whitfoot,male
Cornelia,Bolger,female
Reginard,Gardner,male
Melilot,Bracegirdle,female
Hamfast,Sandheaver,male
Peregrin,Bolger-Baggins,male
Bungo,Goodchild,male
Dinodas,Gardner,male
Tom,Burrows,male
"Nora ",Took-Brandybuck,female
Rose,Banks,female
Bilcuzal,Proudfoot,male
Bosco,Hayward,male
Polo,Grubb,male
Grimalda,Grubb,female
Meneaduc,Tûk,male
Marco,Sandyman,male
Flambard,Bracegirdle,male
Myrtle,Hayward,female
Celedor,Sandheaver,male
"Chica ",Tûk,female
Tobold,Goodchild,male
Gilly,Diggle,female
Bandobras,Boffin,male
Fulvus,Noakes,male
Isengrin,Sandheaver,male
Marroc,Brandagamba,male
Selina,Goodchild,female
Prospero,Twofoot,male
Pervinca,Smallburrow,female
Hal,Whitfoot,male
Hilda,Tunnelly,female
Mungo,Labingi,male
Pansy,Gammidge,female
Trahand,Whitfoot,male
Ferdinand,Bunce,male
Melampus,Gammidge,male
Grimalda,Grubb,female
Berylla,Headstrong,female
Rollo,Sackville-Baggins,male
Meriadoc,Bunce,male
Elanor,Bolger,female
Columbus,Goodbody,male
Matilda,Oldbuck,female
Largo,Diggle,male
Lobelia,Chubb-Baggins,female
Rosa,Proudfoot,female
Timba,Burrowes,male
"Nora ",Twofoot,female
Arnor,Headstrong,male
Berylla,Goldworthy,female
Ruby,Bolger-Baggins,female
Gorbaduc,Banks,male
Will,Greenhand,male
Daisy,Bolger-Baggins,female
Belladonna,Sackville-Baggins,female
Tóbias,Goldworthy,male
Angelica,Mugwort,female
Gruffo,Baggins,male
Cara,Sandyman,female
Primrose,Headstrong,female
Poppy,Hayward,female
Mantissa,Grubb,female
Fastolph,Gaukrogers,male
Bell,Took,female
Adaldrida,Galbassi,female
Belba,Roper,female
Rosamunda,Puddifoot,female
Isengrin,Maggot,male
Rudigar,Longhole,male
Meriadoc,Gawkroger,male
Jo,Tunnelly,male
Maxima,Oldbuck,female
Myrtle,Hayward,female
Berylla,Roper,female
Savanna,Zaragamba,female
Dinodas,Chubb-Baggins,male
Savanna,Burrowes,female
Samlad,Grubb,male
Gundobad,Clayhanger,male
Amalda,Goodchild,female
Melba,Took,female
Primula,Brockhouse,female
Adelbert,Boffin,male
Ranugad,Fairbairn,male
Déagol,Took-Took,male
Drogo,Roper,male
Posco,Burrows,male
Rosamunda,Bolger,female
"Chica ",Zaragamba,female
Theobald,Gardner,male
Wilcome,Lightfoot,male
Olo,Burrows,male
Pervinca,Bracegirdle,female
Wilcome,Sackville,male
Regina,Fairbairn,female
Camelia,Greenhand,female
Carl,Goldworthy,male
Guido,Puddifoot,male
Tanta,Zaragamba,female
Rose,Mugwort,female
Goldilocks,Noakes,female
Asphodel,Zaragamba,female
Gundabald,Boffin,male
Pansy,Rumble,female
Daisy,Gamgee,female
Heribald,Whitfoot,male
Cerdic,Took,male
Rose,Goldworthy,female
Robin,Whitfoot,male
Pervinca,Goldworthy,female
Maura,Goldworthy,male
Diamanda,Lothran,female
Adelbert,Boffin,male
Uffo,Goldworthy,male
Theodoric,Goodchild,male
Hobson,Took-Took,male
Töbi,Burrows,male
Orlando,Goodbody,male
Tolman,Hayward,male
Bilbo,Tûk,male
Theobald,Lothran,male
Gormadoc,Goold,male
Linda,Gaukrogers,female
Pervinca,Burrows,female
Menegilda,Goold,female
Jolly,Burrows,male
Salvia,Maggot,female
Lobelia,Oldbuck,female
Peregrin,Goodbody,male
Gorbulas,Burrows,male
Heribald,Rumble,male
Esmeralda,Tûk,female
Jemima,Goold,female
Jemima,Noakes,female
Goldilocks,Goldworthy,female
Regina,Gaukrogers,female
Bercilac,Whitfoot,male
Griffo,Hogpen,male
Alfrida,Bolger-Baggins,female
Déagol,Twofoot,male
Sancho,Goold,male
Nicol,Lightfoot,male
Gloriana,Longhole,female
Peony,Took-Brandybuck,female
Rufus,Button,male
Isengar,Bracegirdle,male
Gorhendad,Bolger,male
Adelbert,Rumble,male
Mantissa,Bolger,female
Donnamira,Grubb,female
Pimpernel,Brown,female
Merry,Gawkroger,male
Rowan,Goodchild,female
Berylla,Banks,female
Rudolph,Bunce,male
Prima,Chubb,female
Amalda,Sackville,female
Filibert,Baggins,male
Amalda,Diggle,female
Ceredic,Gamgee,male
Cornelia,Bolger-Baggins,female
Conrad,Hogpen,male
Gerontius,Banks,male
Reginard,Hayward,male
Poppy,Brownlock,female
Robinia,Burrows,female
Folco,Mugwort,male
Briffo,Tunnelly,male
Melissa,Clayhanger,female
Amanda,Whitfoot,female
Sméagol,Hayward,male
Semolina,Maggot,female
Fatima,Took,female
Diamond,Rumble,female
Pamphila,Fairbairn,female
Duenna,Labingi,female
Brutus,Brownlock,male
Rosamunda,Took-Brandybuck,female
Pansy,Bracegirdle,female
Cerdic,Brandagamba,male
Arnor,Labingi,male
Linda,Headstrong,female
Elanor,Gammidge,female
Mirabella,Lothran,female
Nicol,Underhill,male
Seredic,Bracegirdle,male
Fredegar,Bolger-Baggins,male
Prisca,Bunce,female
Pimpernel,Boffin,female
Saradas,Maggot,male
Duenna,Fairbairn,female
Isengrim,Burrowes,male
Reginard,Bolger-Baggins,male
Ceredic,Brownlock,male
Basso,Proudfoot,male
Goldilocks,Took,female
Rhoda,Labingi,female
Bell,Brownlock,female
Iago,Took-Brandybuck,male
Uffo,Button,male
Maura,Hornblower,male
Dina,Burrows,female
Holman,Brandagamba,male
Rosa,Mugwort,female
Bellisima,Maggot,female
Alaric,Lothran,male
Linda,Bolger-Baggins,female
Hobson,Bunce,male
Wilimar,Maggot,male
Asphodel,Puddifoot,female
Priamus,Took-Brandybuck,male
Miranda,Labingi,female
Bilbo,Burrows,male
"Nora ",Headstrong,female
Hilda,Puddifoot,female
Magnus,Brandybuck,male
Pimpernel,Hornblower,female
Iolo,Grubb,male
Amanda,Gammidge,female
Everard,Boffin,male
Rose,Longhole,female
Peregrin,Brandagamba,male
Amethyst,Gammidge,female
Asphodel,Hayward,female
Fastolph,Chubb,male
Prisca,Goodchild,female
Berylla,Goodchild,female
Isengar,Goodchild,male
Will,Sackville-Baggins,male
Alaric,Fairbairn,male
Merimac,Zaragamba,male
Gerda,Longhole,female
Matilda,Smallburrow,female
Jago,Brockhouse,male
Rudigar,Baggins,male
Peony,Hornblower,female
Fulvus,Burrows,male
Hilda,Took-Took,female
Dora,Clayhanger,female
Gerda,Maggot,female
Ferdinand,Greenhand,male
Odo,Hogpen,male
Grimalda,Button,female
Gerontius,Diggle,male
Belinda,Mugwort,female
Dina,Tunnelly,female
Saradoc,Chubb-Baggins,male
Tanta,Goldworthy,female
Rudolph,Roper,male
Bertha,Longhole,female
Salvia,Goold,female
Prisca,Fairbairn,female
Bladud,Gawkroger,male
Donnamira,Diggle,female
Valdemar,Brandagamba,male
Belba,Oldbuck,female
Rosa,Sackville,female
Hildibrand,Bracegirdle,male
Lamorac,Goodchild,male
Primrose,Gardner,female
Matilda,Took,female
Adaldrida,Diggle,female
Polo,Brown,male
Reginard,Bunce,male
Longo,Took,male
Esmeralda,Grubb,female
Flavus,Smallburrow,male
Rorimac,Smallburrow,male
Sadoc,Labingi,male
Ranugad,Brockhouse,male
Diamanda,Sandheaver,female
Pamphila,Mugwort,female
Cosimo,Button,male
Isembard,Sandyman,male
Mattalic,Bolger-Baggins,male
Gorbaduc,Fairbairn,male
Pamphila,Baggins,female
Basso,Rumble,male
Gilly,Greenhand,female
Cottar,Gardner,male
Laura,Roper,female
Pamphila,Maggot,female
Wilcome,Hayward,male
Jasmine,Brockhouse,female
Holfast,Rumble,male
Rosamunda,Roper,female
Tobold,Brown,male
Daisy,Goold,female
Pippin,Clayhanger,male
Ranugad,Fairbairn,male
Regina,Galbassi,female
Dina,Roper,female
Lalia,Underhill,female
Asphodel,Lightfoot,female
Inigo,Goold,male
Hildifons,Took-Brandybuck,male
Mantissa,Clayhanger,female
Yolanda,Bolger-Baggins,female
Mimosa,Maggot,female
Fosco,Bolger,male
Falco,Hayward,male
Rhoda,Boffin,female
Asphodel,Button,female
Iago,Bolger-Baggins,male
Chilimanzar,Sandheaver,male
Berylla,Roper,female
Belisarius,Burrowes,male
Toby,Lightfoot,male
Bell,Hayward,female
Ferdinand,Chubb-Baggins,male
Marmadoc,Took-Brandybuck,male
Faramond,Twofoot,male
Pandora,Baggins,female
Sigismond,Headstrong,male
Jasmine,Gammidge,female
Grossman,Goold,male
Belinda,Sackville-Baggins,female
Gorbaduc,Chubb-Baggins,male
Hugo,Sackville-Baggins,male
Alberic,Longhole,male
Erling,Maggot,male
Iago,Gaukrogers,male
Merimas,Baggins,male
Bell,Grubb,female
Nibs,Took,male
Alfrida,Brandybuck,female
Tim,Hornblower,male
Melba,Proudfoot,female
Cara,Headstrong,female
Amethyst,Bolger-Baggins,female
Flavus,Twofoot,male
Jemima,Noakes,female
Celendine,Bolger,female
Marco,Sandyman,male
Gorhendad,Burrows,male
Magnus,Brown,male
Carl,Underhill,male
Camelia,Clayhanger,female
Lobelia,Twofoot,female
Wilimar,Headstrong,male
"Nora ",Roper,female
Dudo,Took,male
Robur,Oldbuck,male
Marigold,Hornblower,female
Saradoc,Brandagamba,male
Poppy,Button,female
Flambard,Maggot,male
Fortinbras,Brandybuck,male
Caradas,Greenhand,male
Iago,Bolger-Baggins,male
Asphodel,Lightfoot,female
Pimpernel,Sackville-Baggins,female
Elanor,Chubb,female
Sagramor,Goold,male
Melba,Grubb,female
Robin,Took-Brandybuck,male
Belladonna,Burrowes,female
Pandora,Tunnelly,female
Herugar,Chubb,male
Lobelia,Roper,female
Arabella,Rumble,female
Isengar,Sandheaver,male
Poppy,Clayhanger,female
Poppy,Sackville,female
Cara,Clayhanger,female
Matta,Proudfoot,male
Bosco,Bolger-Baggins,male
"Chica ",Rumble,female
Faramir,Tunnelly,male
Laura,Gammidge,female
Gormadoc,Baggins,male
Prisca,Brockhouse,female
Crispus,Brandagamba,male
Goldilocks,Gawkroger,female
Bodo,Fairbairn,male
Pervinca,Lightfoot,female
Lotho,Fairbairn,male
Pandora,Chubb-Baggins,female
Adelgrim,Headstrong,male
Wiseman,Puddifoot,male
Ceredic,Burrowes,male
Merimac,Bolger,male
Wilcome,Rumble,male
Cosimo,Gawkroger,male
Fastolph,Bracegirdle,male
Miranda,Sackville,female
Isembold,Hogpen,male
Valdemar,Whitfoot,male
Marmadoc,Fairbairn,male
Saradas,Hayward,male
Duenna,Brandybuck,female
Daisy,Labingi,female
Rollo,Greenhand,male
Pervinca,Roper,female
Ceredic,Diggle,male
Primula,Underhill,female
Caradas,Goodchild,male
Nina,Chubb,female
Lobelia,Hogpen,female
Iago,Brownlock,male
Savanna,Tûk,female
Peony,Rumble,female
Rosamunda,Goold,female
Mirabella,Boffin,female
Odovacar,Sackville-Baggins,male
Eglantine,Sackville-Baggins,female
Duenna,Sackville,female
Bell,Banks,female
Celendine,Fairbairn,female
Selina,Hogpen,female
Bellisima,Goldworthy,female
Banazir,Diggle,male
Banazir,Boffin,male
Rosa,Sandheaver,female
Bingo,Oldbuck,male
Bellisima,Grubb,female
Fortinbras,Mugwort,male
Halfred,Underhill,male
Adelgrim,Brandagamba,male
Celendine,Brownlock,female
Mentha,Goodbody,female
Malva,Smallburrow,female
Fatima,Lightfoot,female
Conrad,Zaragamba,male
Poppy,Headstrong,female
Longo,Clayhanger,male
Halfred,Twofoot,male
Cara,Button,female
Bilcuzal,Clayhanger,male
Berylla,Labingi,female
Scudamor,Grubb,male
Bingo,Noakes,male
Lavinia,Clayhanger,female
Ponto,Whitfoot,male
Eglantine,Chubb,female
Milo,Longhole,male
Robinia,Chubb,female
Nahand,Hayward,male
Magnus,Mugwort,male
Belisarius,Bunce,male
Daisy,Proudfoot,female
Orlando,Sackville-Baggins,male
Malva,Roper,female
Isengar,Took-Took,male
Belba,Gardner,female
Herugar,Sackville-Baggins,male
Prisca,Clayhanger,female
Odovacar,Smallburrow,male
Nicol,Took-Brandybuck,male
Crassus,Gamgee,male
Bildat,Chubb,male
Longo,Brandybuck,male
Amethyst,Clayhanger,female
Gundobad,Gammidge,male
Pearl,Twofoot,female
Bellisima,Baggins,female
Belba,Chubb,female
Laura,Diggle,female
Jasmine,Headstrong,female
Primula,Sackville,female
Bellisima,Tûk,female
Esmeralda,Grubb,female
Kalimac,Hornblower,male
Saradoc,Headstrong,male
Mirabella,Hornblower,female
Bladud,Banks,male
Savanna,Hayward,female
Merimac,Hornblower,male
Bilcuzal,Roper,male
Melissa,Hornblower,female
Diamanda,Diggle,female
Mattalic,Goodchild,male
Isembard,Headstrong,male
Iago,Goldworthy,male
Uffo,Hogpen,male
Duenna,Labingi,female
Madoc,Took-Took,male
Fosco,Button,male
Kalimac,Sandyman,male
Grimalda,Burrowes,female
Dora,Gamgee,female
Duenna,Goodbody,female
Camelia,Lightfoot,female
Menegilda,Gardner,female
Menegilda,Goldworthy,female
Rhoda,Bunce,female
Hilda,Brockhouse,female
Pimpernel,Chubb-Baggins,female
Gorbaduc,Goold,male
Melissa,Twofoot,female
Mentha,Puddifoot,female
Ruby,Gawkroger,female
Esmeralda,Brandybuck,female
Robur,Bracegirdle,male
Matilda,Baggins,female
Bladud,Boffin,male
Tom,Clayhanger,male
Ansegar,Chubb,male
Amaranth,Rumble,female
Mattalic,Rumble,male
Robinia,Chubb-Baggins,female
Amalda,Goldworthy,female
Daisy,Took-Brandybuck,female
Jago,Mugwort,male
Eglantine,Lothran,female
Cornelia,Took-Took,female
Ranugad,Hogpen,male
Robur,Took,male
Melilot,Took,female
Marroc,Lightfoot,male
Gundabald,Goodbody,male
Brutus,Galbassi,male
Jo,Bracegirdle,male
Inigo,Gammidge,male
Grimalda,Rumble,female
Mirabella,Chubb,female
Habaccuc,Burrows,male
Heribald,Fairbairn,male
Magnus,Brandybuck,male
Celedor,Burrowes,male
Elanor,Clayhanger,female
Saradoc,Lightfoot,male
Marroc,Tunnelly,male
Dudo,Mugwort,male
Fosco,Puddifoot,male
Linda,Sandyman,female
Pandora,Fairbairn,female
Rosamunda,Sandyman,female
Salvia,Brockhouse,female
Robur,Hayward,male
Gorbadoc,Hayward,male
Mantissa,Bracegirdle,female
Rudolph,Galbassi,male
Cedivar,Took,male
Balbo,Brandagamba,male
Doderic,Labingi,male
Erling,Roper,male
Dodinas,Lightfoot,male
Robinia,Gammidge,female
Poppy,Labingi,female
Fulvus,Baggins,male
Gorbaduc,Headstrong,male
Bilbo,Grubb,male
Melilot,Longhole,female
Bilba,Bolger-Baggins,male
Goodwill,Burrowes,male
Adelgrim,Mugwort,male
Jessamine,Maggot,female
Mimosa,Oldbuck,female
Laura,Fairbairn,female
Gundolpho,Brown,male
Tolman,Roper,male
Amethyst,Twofoot,female
Robinia,Brown,female
Brutus,Puddifoot,male
Gringamor,Twofoot,male
Wilcome,Goodchild,male
Tolman,Labingi,male
Pandora,Bracegirdle,female
Bercilac,Gamgee,male
Jasmine,Chubb,female
Pandora,Chubb-Baggins,female
Pearl,Hornblower,female
Largo,Sackville,male
Faramir,Rumble,male
Angelica,Bunce,female
Togo,Headstrong,male
Dinodas,Brandagamba,male
Robinia,Grubb,female
Crassus,Clayhanger,male
Gloriana,Hornblower,female
Harding,Goodchild,male
Belba,Lothran,female
Salvia,Goodbody,female
Fastred,Bracegirdle,male
Ted,Hayward,male
Magnus,Hayward,male
Gormadoc,Sackville,male
Robinia,Brandybuck,female
Adelard,Bolger-Baggins,male
Lily,Brandagamba,female
Marigold,Gawkroger,female
Athanaric,Bracegirdle,male
Estella,Gammidge,female
Goldilocks,Puddifoot,female
Lalia,Gardner,female
Dodinas,Bunce,male
Nibs,Zaragamba,male
Iago,Tûk,male
Bungo,Took-Took,male
Peony,Whitfoot,female
Sadoc,Button,male
Maxima,Maggot,female
Matilda,Took-Brandybuck,female
Angelica,Bunce,female
Duenna,Gaukrogers,female
Ferumbras,Fairbairn,male
Halfred,Longhole,male
Fortinbras,Brandagamba,male
Tanta,Twofoot,female
Lalia,Brownlock,female
Dodinas,Gawkroger,male
Lalia,Brandagamba,female
Rosamunda,Noakes,female
Trahand,Brown,male
Marmadoc,Proudfoot,male
Jessamine,Sackville-Baggins,female
Camelia,Burrows,female
Grimalda,Mugwort,female
Menegilda,Sandyman,female
Ruby,Mugwort,female
Razanur,Gawkroger,male
Jemima,Banks,female
Daisy,Lothran,female
Marco,Sandyman,male
Timba,Button,male
Cora,Bunce,female
Alaric,Oldbuck,male
Pansy,Burrows,female
Savanna,Twofoot,female
Fosco,Mugwort,male
Jessamine,Boffin,female
Pamphila,Goldworthy,female
Gundolpho,Sackville,male
Rhoda,Galbassi,female
Marcho,Tûk,male
Elanor,Took-Brandybuck,female
Doderic,Sackville,male
Melba,Noakes,female
Pearl,Underhill,female
Berylla,Hogpen,female
May,Grubb,female
Bell,Bolger-Baggins,female
Hamilcar,Smallburrow,male
Hildigrim,Took-Took,male
Rhoda,Gaukrogers,female
Grimalda,Goldworthy,female
Gerda,Brown,female
Camelia,Sandyman,female
Donnamira,Roper,female
Prima,Burrowes,female
Dudo,Goldworthy,male
Maxima,Brown,female
Lalia,Zaragamba,female
Nick,Took-Brandybuck,male
Daisy,Boffin,female
Amaranth,Mugwort,female
Timba,Gaukrogers,male
Celendine,Greenhand,female
Estella,Bunce,female
Rowan,Gammidge,female
Pamphila,Brandagamba,female
Tobold,Sackville-Baggins,male
Yolanda,Tûk,female
Largo,Whitfoot,male
Nina,Lightfoot,female
Crispus,Took-Took,male
Yolanda,Clayhanger,female
Alberic,Brownlock,male
Dina,Took,female
Paladin,Greenhand,male
Cosimo,Sandheaver,male
Cosimo,Whitfoot,male
Ruby,Puddifoot,female
Griffo,Bolger-Baggins,male
Bodo,Labingi,male
Sméagol,Gaukrogers,male
Meriadoc,Oldbuck,male
Roderic,Sandyman,male
Melilot,Took-Took,female
Lotho,Brownlock,male
Nahand,Brandagamba,male
Savanna,Gammidge,female
Odo,Chubb-Baggins,male
Bucca,Galbassi,male
Lamorac,Button,male
Sméagol,Bracegirdle,male
Doderic,Took,male
Ponto,Bracegirdle,male
Cornelia,Sackville-Baggins,female
Gundahar,Took-Brandybuck,male
Lily,Sackville,female
Miranda,Galbassi,female
Ponto,Took,male
Pandora,Goold,female
Bungo,Took,male
Daisy,Brandybuck,female
Cosimo,Took,male
Polo,Puddifoot,male
Iolo,Diggle,male
Myrtle,Longhole,female
Obo,Smallburrow,male
Linda,Sackville,female
Marmadoc,Brandagamba,male
Bellisima,Labingi,female
Melampus,Roper,male
Dinodas,Rumble,male
Pervinca,Puddifoot,female
Nina,Labingi,female
Bowman,Rumble,male
Yolanda,Proudfoot,female
Hamfast,Chubb-Baggins,male
Scudamor,Mugwort,male
Marroc,Took-Took,male
Pansy,Bunce,female
Dudo,Sandyman,male
Wilimar,Puddifoot,male
Uffo,Longhole,male
Caradoc,Chubb-Baggins,male
Jo,Brown,male
Samwise,Zaragamba,male
Frodo,Gardner,male
Rufus,Hayward,male
Adelgrim,Puddifoot,male
Timba,Burrows,male
Minto,Gaukrogers,male
Vigo,Greenhand,male
Hob,Roper,male
Gorbaduc,Brockhouse,male
Bertha,Lothran,female
Heribald,Mugwort,male
Estella,Brockhouse,female
Gruffo,Baggins,male
Tanta,Goodchild,female
Robin,Tunnelly,male
Lily,Gardner,female
Belisarius,Greenhand,male
Ted,Goold,male
Mantissa,Lightfoot,female
Angelica,Brandagamba,female
Posco,Puddifoot,male
Lalia,Proudfoot,female
Meneaduc,Zaragamba,male
Rufus,Headstrong,male
Diamanda,Tûk,female
Marigold,Baggins,female
Erling,Goodbody,male
Habaccuc,Mugwort,male
Jasmine,Gammidge,female
Lily,Goold,female
Jasmine,Banks,female
Fatima,Gamgee,female
Angelica,Hogpen,female
Mentha,Lothran,female
Saradas,Whitfoot,male
Gruffo,Brockhouse,male
Angelica,Baggins,female
Matilda,Tunnelly,female
Rosamunda,Brandagamba,female
"Nora ",Bracegirdle,female
Rosa,Clayhanger,female
Gloriana,Longhole,female
Belba,Oldbuck,female
Sigismond,Proudfoot,male
Pandora,Underhill,female
Pippin,Brockhouse,male
Belba,Burrowes,female
Cottar,Clayhanger,male
Pippin,Brockhouse,male
Poppy,Took,female
Bungo,Longhole,male
Diamond,Galbassi,female
Asphodel,Brandagamba,female
Polo,Brandybuck,male
Amethyst,Brandagamba,female
Kalimac,Took,male
Celedor,Brownlock,male
Miranda,Goodchild,female
Ruby,Labingi,female
Conrad,Gammidge,male
Nick,Brown,male
Adaldrida,Banks,female
Madoc,Tunnelly,male
Alfrida,Hayward,female
Peregrin,Brownlock,male
Orlando,Burrowes,male
Angelica,Burrowes,female
Rudolph,Took-Brandybuck,male
Ruby,Lothran,female
Primula,Gammidge,female
Berilac,Mugwort,male
Tanta,Sackville,female
Gerda,Brandagamba,female
Amethyst,Bolger,female
Bildad,Noakes,male
Jemima,Took-Took,female
"Nora ",Mugwort,female
Briffo,Roper,male
Jasmine,Lightfoot,female
Grossman,Gardner,male
Togo,Brockhouse,male
Brutus,Bracegirdle,male
Isengar,Smallburrow,male
Angelica,Banks,female
Ranugad,Mugwort,male
Marco,Banks,male
Alaric,Oldbuck,male
Amanda,Grubb,female
Lily,Zaragamba,female
Lamorac,Fairbairn,male
Habaccuc,Button,male
Uffo,Mugwort,male
Gormadoc,Sackville-Baggins,male
Gerda,Sandyman,female
Heribald,Brandybuck,male
Amaranth,Diggle,female
Belinda,Puddifoot,female
Toby,Bunce,male
Habaccuc,Brownlock,male
Prisca,Goodchild,female
Wiseman,Grubb,male
Linda,Chubb,female
Estella,Brandybuck,female
Maura,Hayward,male
Mantissa,Whitfoot,female
"Chica ",Bunce,female
Fatima,Chubb-Baggins,female
Lavinia,Roper,female
Matilda,Brandybuck,female
Longo,Burrowes,male
Ansegar,Gaukrogers,male
Bladud,Brown,male
Asphodel,Gamgee,female
Celedor,Sackville-Baggins,male
Primrose,Goodchild,female
Belisarius,Fairbairn,male
Pandora,Hornblower,female
Goldilocks,Galbassi,female
Theodoric,Diggle,male
Erling,Chubb,male
Cora,Brown,female
Lalia,Maggot,female
Marmaduke,Hornblower,male
Lily,Proudfoot,female
Cornelia,Sackville,female
Ranugad,Grubb,male
Camelia,Bunce,female
Drogo,Mugwort,male
Elfstan,Bolger-Baggins,male
Arabella,Tûk,female
Cotman,Took-Brandybuck,male
Selina,Goold,female
Olo,Roper,male
Timba,Gamgee,male
Hildibrand,Sandheaver,male
Tom,Longhole,male
Menegilda,Bolger-Baggins,female
Doderic,Zaragamba,male
Moro,Burrowes,male
Goodwill,Chubb,male
Laura,Bolger-Baggins,female
Hildigrim,Chubb,male
Marmaduc,Mugwort,male
Carambo,Goldworthy,male
Marco,Smallburrow,male
Nob,Zaragamba,male
Yolanda,Hornblower,female
Bellisima,Bracegirdle,female
Amethyst,Goldworthy,female
Brutus,Banks,male
Belinda,Brockhouse,female
Jasmine,Chubb-Baggins,female
Arnor,Bolger,male
Gilly,Banks,female
Isembard,Brandybuck,male
Dora,Clayhanger,female
Arabella,Longhole,female
Fatima,Galbassi,female
Salvia,Rumble,female
Linda,Lothran,female
Merimac,Gardner,male
Gloriana,Goodchild,female
Primrose,Roper,female
Amethyst,Underhill,female
Cedivar,Burrows,male
Jasmine,Chubb,female
Hildigard,Puddifoot,male
Bercilac,Noakes,male
Nob,Mugwort,male
Tomacca,Bolger-Baggins,male
Meriadoc,Goodbody,male
Drogo,Took,male
Samwise,Diggle,male
Regina,Maggot,female
Conrad,Longhole,male
Peony,Underhill,female
Melba,Boffin,female
Sadoc,Brown,male
Isengar,Brandybuck,male
Adelgrim,Bolger-Baggins,male
Erling,Goold,male
Fatima,Noakes,female
Prima,Galbassi,female
Gorbulas,Longhole,male
Bucca,Underhill,male
Nob,Gammidge,male
Matilda,Button,female
Samlad,Underhill,male
Seredic,Gardner,male
Diamond,Goodchild,female
Rudolph,Gardner,male
Grimalda,Sandheaver,female
Melba,Gamgee,female
Theobald,Banks,male
Maxima,Sackville,female
Hending,Goodchild,male
Isembard,Goold,male
Merry,Bolger,male
Gundolpho,Gammidge,male
Bildad,Baggins,male
Fastred,Bunce,male
Magnus,Smallburrow,male
Grimalda,Banks,female
Gormadoc,Bracegirdle,male
Robin,Gawkroger,male
Gerontius,Maggot,male
Cara,Bolger-Baggins,female
Lotho,Mugwort,male
Bodo,Burrows,male
Regina,Longhole,female
Mirabella,Zaragamba,female
Lobelia,Brown,female
Caramella,Roper,female
Isengar,Maggot,male
Dinodas,Bracegirdle,male
Columbus,Hayward,male
Merimac,Bolger,male
Ansegar,Gammidge,male
Hugo,Burrowes,male
Linda,Sandheaver,female
Robin,Labingi,male
Myrtle,Bolger-Baggins,female
May,Goodbody,female
Orlando,Chubb,male
Nick,Goldworthy,male
Orlando,Gammidge,male
Briffo,Diggle,male
Hob,Twofoot,male
Rhoda,Sandheaver,female
Rosamunda,Oldbuck,female
Regina,Goodchild,female
Gerda,Brandagamba,female
Sago,Bracegirdle,male
Porro,Tûk,male
Pamphila,Boffin,female
Bellisima,Fairbairn,female
Poppy,Took,female
Malva,Gaukrogers,female
Malva,Sandheaver,female
Gloriana,Brockhouse,female
Hildibrand,Grubb,male
Sancho,Took,male
Bucca,Banks,male
Rollo,Oldbuck,male
Scudamor,Hogpen,male
Hob,Sackville-Baggins,male
Adelard,Twofoot,male
Priamus,Goodbody,male
Sago,Banks,male
Gorbadoc,Greenhand,male
Fastolph,Banks,male
Adelard,Took,male
Semolina,Goold,female
Esmeralda,Chubb,female
Dina,Goold,female
Isembard,Bunce,male
Asphodel,Rumble,female
Cotman,Baggins,male
Roderic,Boffin,male
Berylla,Hogpen,female
Bandobras,Proudfoot,male
Bertha,Lothran,female
Roderic,Noakes,male
Fastolph,Headstrong,male
Nina,Rumble,female
Amaranth,Brownlock,female
Selina,Goold,female
Inigo,Burrows,male
Gloriana,Brown,female
Bowman,Burrowes,male
Saradas,Bracegirdle,male
Pearl,Galbassi,female
Theobald,Goodchild,male
Malva,Gawkroger,female
Bosco,Boffin,male
Balbo,Gamgee,male
Myrtle,Proudfoot,female
Rorimac,Tunnelly,male
Vigo,Goold,male
Jessamine,Roper,female
Laura,Noakes,female
Isengrim,Headstrong,male
Rudigar,Took-Brandybuck,male
Celedor,Lothran,male
Alfrida,Sackville-Baggins,female
Cosimo,Lothran,male
Flavus,Whitfoot,male
Amaranth,Hayward,female
Ted,Hayward,male
Linda,Gamgee,female
Asphodel,Lightfoot,female
Ruby,Gawkroger,female
Ferumbras,Labingi,male
Maxima,Clayhanger,female
"Nora ",Brandybuck,female
Prima,Sandheaver,female
Melba,Twofoot,female
Lobelia,Rumble,female
Gorhendad,Hayward,male
"Nora ",Tunnelly,female
Laura,Fairbairn,female
Kalimac,Chubb,male
Jago,Brown,male
Fulvus,Burrowes,male
Primrose,Sackville-Baggins,female
Gorhendad,Brandagamba,male
Holfast,Took-Took,male
Melba,Brandybuck,female
Diamond,Whitfoot,female
Ruby,Gaukrogers,female
Samlad,Fairbairn,male
Uffo,Lothran,male
Odovacar,Goodchild,male
Melilot,Smallburrow,female
Pimpernel,Goold,female
Ferdinand,Bolger,male
Flambard,Gaukrogers,male
Scudamor,Longhole,male
Primula,Headstrong,female
Gorbaduc,Lothran,male
Gorhendad,Brownlock,male
Razanur,Sandheaver,male
Isembard,Fairbairn,male
Marcus,Sackville,male
Lamorac,Noakes,male
Togo,Brockhouse,male
Wilimar,Bracegirdle,male
Rollo,Tunnelly,male
Amaranth,Gawkroger,female
Tomacca,Fairbairn,male
Daisy,Underhill,female
Isengrim,Mugwort,male
Caramella,Took-Took,female
Berylla,Headstrong,female
Ansegar,Puddifoot,male
Jessamine,Sackville,female
Gorbulas,Twofoot,male
Maxima,Tûk,female
Filibert,Hayward,male
Harding,Brownlock,male
Lamorac,Gardner,male
Celendine,Longhole,female
Magnus,Sackville-Baggins,male
Crassus,Bolger,male
Yolanda,Goodbody,female
Yolanda,Smallburrow,female
Caramella,Smallburrow,female
Lobelia,Tûk,female
Dora,Took-Brandybuck,female
Gundahar,Bolger,male
Poppy,Tunnelly,female
Selina,Burrowes,female
Marmadoc,Burrowes,male
Hilda,Hayward,female
Merimas,Brandagamba,male
Salvia,Fairbairn,female
Mimosa,Took-Took,female
Folcard,Gardner,male
Mattalic,Rumble,male
Fatima,Goold,female
Ceredic,Took-Brandybuck,male
Rose,Hayward,female
"Chica ",Proudfoot,female
Theodoric,Took-Brandybuck,male
Dudo,Baggins,male
Gruffo,Sandyman,male
Bercilac,Sackville-Baggins,male
Columbus,Smallburrow,male
Duenna,Oldbuck,female
Alfrida,Brandybuck,female
Peony,Gammidge,female
Arabella,Gaukrogers,female
Priamus,Hayward,male
Estella,Labingi,female
Mirabella,Bracegirdle,female
Miranda,Button,female
Mantissa,Goldworthy,female
Robur,Sandyman,male
Amethyst,Grubb,female
Maxima,Gaukrogers,female
Holfast,Tunnelly,male
Belladonna,Fairbairn,female
Gundobad,Gaukrogers,male
Myrtle,Took-Took,female
Ruby,Boffin,female
Rose,Bunce,female
Rhoda,Zaragamba,female
Goldilocks,Grubb,female
Marmaduc,Gardner,male
Wilibald,Hogpen,male
Mantissa,Zaragamba,female
Fastred,Proudfoot,male
Orgulas,Brown,male
Goodwill,Zaragamba,male
Adaldrida,Galbassi,female
Wilcome,Underhill,male
Asphodel,Lothran,female
Sagramor,Bunce,male
Hamilcar,Lightfoot,male
Trahand,Banks,male
Tobold,Chubb,male
Caramella,Burrowes,female
Marmaduke,Hornblower,male
Melissa,Twofoot,female
Harding,Sandheaver,male
Bertha,Rumble,female
Rosa,Galbassi,female
Tobold,Gaukrogers,male
Donnamira,Sandheaver,female
Hildifons,Noakes,male
Diamond,Gawkroger,female
Tom,Headstrong,male
Lamorac,Mugwort,male
Primrose,Brandagamba,female
Bandobras,Goold,male
Nibs,Brown,male
Miranda,Mugwort,female
Robur,Sandyman,male
Ilberic,Bunce,male
Meneaduc,Chubb,male
Belba,Headstrong,female
Theodoric,Took,male
Melba,Labingi,female
Crassus,Headstrong,male
Fosco,Tunnelly,male
Drogo,Gamgee,male
Hugo,Goodbody,male
Ruby,Underhill,female
Timba,Took,male
Prima,Greenhand,female
Duenna,Sackville,female
Frodo,Longhole,male
Moro,Zaragamba,male
Pamphila,Grubb,female
Hilda,Hogpen,female
Fredegar,Smallburrow,male
Jessamine,Underhill,female
Gorbulas,Longhole,male
Caramella,Burrowes,female
Prima,Mugwort,female
Maxima,Gammidge,female
Bingo,Bunce,male
Laura,Tunnelly,female
Wilimar,Smallburrow,male
Gerontius,Oldbuck,male
Esmeralda,Hayward,female
Amanda,Puddifoot,female
Fastred,Took-Brandybuck,male
Eglantine,Tûk,female
Tanta,Gamgee,female
Gundahar,Chubb-Baggins,male
Amalda,Grubb,female
Bowman,Gardner,male
Duenna,Gawkroger,female
Belinda,Twofoot,female
Peregrin,Labingi,male
Dinodas,Twofoot,male
Adaldrida,Brockhouse,female
Töbi,Oldbuck,male
Gorbulas,Sackville,male
Robinia,Maggot,female
Ferdinand,Button,male
Nina,Lightfoot,female
Hamfast,Rumble,male
Diamanda,Twofoot,female
Athanaric,Sandyman,male
Bildat,Greenhand,male
Goldilocks,Whitfoot,female
Tanta,Gamgee,female
Melilot,Goodchild,female
Prisca,Burrowes,female
Tanta,Roper,female
Donnamira,Smallburrow,female
Andwise,Brandybuck,male
Holman,Took-Brandybuck,male
Malva,Bolger-Baggins,female
Iago,Mugwort,male
Griffo,Mugwort,male
Mentha,Gamgee,female
Diamond,Bunce,female
"Chica ",Chubb,female
Dora,Goodbody,female
Rose,Proudfoot,female
Melba,Banks,female
Goodwill,Gamgee,male
Bell,Labingi,female
Gilly,Baggins,female
Meriadoc,Gamgee,male
Ponto,Brown,male
Belinda,Galbassi,female
Amalda,Banks,female
Samwise,Zaragamba,male
Donnamira,Fairbairn,female
Bodo,Labingi,male
Matilda,Maggot,female
Sigismond,Chubb-Baggins,male
Otho,Button,male
Lotho,Clayhanger,male
Melba,Zaragamba,female
Diamond,Boffin,female
Bell,Brandybuck,female
Adelbert,Roper,male
Estella,Fairbairn,female
Nob,Sackville-Baggins,male
Miranda,Bolger-Baggins,female
Primula,Bolger,female
Savanna,Underhill,female
Folcard,Bolger,male
Isumbras,Fairbairn,male
Priamus,Twofoot,male
Esmeralda,Hornblower,female
Nick,Tûk,male
Marcho,Gammidge,male
Primula,Tûk,female
Orgulas,Maggot,male
Goldilocks,Chubb,female
Elanor,Twofoot,female
Folcard,Mugwort,male
Togo,Grubb,male
Jemima,Gamgee,female
Bob,Underhill,male
Melilot,Clayhanger,female
Roderic,Fairbairn,male
Mat,Noakes,male
Pansy,Fairbairn,female
Regina,Fairbairn,female
Melissa,Button,female
Dinodas,Brown,male
Menegilda,Goold,female
Harding,Boffin,male
Vigo,Fairbairn,male
Robin,Lothran,male
Dina,Chubb,female
Alaric,Goodchild,male
Adelbert,Gawkroger,male
Bertha,Longhole,female
Gruffo,Hogpen,male
Donnamira,Roper,female
Eglantine,Took-Brandybuck,female
Everard,Gamgee,male
Mantissa,Burrows,female
Wilimar,Bolger-Baggins,male
May,Whitfoot,female
Cora,Greenhand,female
Regina,Zaragamba,female
Gormadoc,Burrowes,male
Razanur,Roper,male
Mentha,Proudfoot,female
Adelbert,Boffin,male
Cosimo,Boffin,male
Semolina,Brandagamba,female
Paladin,Grubb,male
Sancho,Baggins,male
Bob,Baggins,male
Harding,Banks,male
Hildigrim,Maggot,male
Angelica,Lothran,female
Hilda,Took-Took,female
Tanta,Mugwort,female
Rhoda,Goold,female
Bertha,Took-Brandybuck,female
Ferdinand,Goodbody,male
Folco,Headstrong,male
Fatima,Oldbuck,female
Linda,Smallburrow,female
Dinodas,Tunnelly,male
Robinia,Brandybuck,female
Eglantine,Proudfoot,female
Frodo,Sandheaver,male
Marmaduke,Baggins,male
Tomacca,Took,male
Robur,Gammidge,male
Bruno,Clayhanger,male
Robin,Gardner,male
Amalda,Labingi,female
Olo,Took,male
Angelica,Bracegirdle,female
Belladonna,Noakes,female
Wilimar,Maggot,male
Milo,Lothran,male
Lily,Diggle,female
"Chica ",Goodchild,female
Lobelia,Boffin,female
Scudamor,Took,male
Celendine,Boffin,female
Arabella,Gawkroger,female
Malva,Labingi,female
Déagol,Bracegirdle,male
Folcard,Goldworthy,male
Hildifons,Brandybuck,male
Harding,Took-Brandybuck,male
Isumbras,Bunce,male
Jessamine,Bunce,female
Hal,Goodchild,male
Grossman,Gammidge,male
Amaranth,Smallburrow,female
Timba,Smallburrow,male
Fatima,Chubb-Baggins,female
Daisy,Gammidge,female
Bertha,Proudfoot,female
Celendine,Hornblower,female
Maura,Maggot,male
Prisca,Burrows,female
"Nora ",Sandheaver,female
Grimalda,Maggot,female
Nick,Brown,male
Longo,Twofoot,male
Camelia,Sackville,female
Tanta,Proudfoot,female
Berilac,Tûk,male
Pamphila,Gardner,female
Tomba,Banks,male
Lalia,Sandyman,female
Pansy,Gamgee,female
Nina,Gawkroger,female
Wilimar,Fairbairn,male
Cornelia,Brandybuck,female
Bob,Button,male
Polo,Gaukrogers,male
Gundahar,Grubb,male
Rollo,Smallburrow,male
Jolly,Goold,male
Cara,Hogpen,female
Largo,Hornblower,male
Ruby,Grubb,female
Belinda,Banks,female
Amaranth,Galbassi,female
Cerdic,Gardner,male
Lalia,Goodbody,female
Diamanda,Rumble,female
Esmeralda,Burrows,female
Marroc,Tunnelly,male
Hilda,Maggot,female
Mentha,Sandyman,female
Wilcome,Burrowes,male
Ilberic,Boffin,male
Belba,Hayward,female
Harding,Greenhand,male
Pimpernel,Took,female
Miranda,Gamgee,female
Alfrida,Zaragamba,female
Gundahar,Lothran,male
Isengar,Bolger,male
Toby,Underhill,male
Odo,Noakes,male
Marigold,Mugwort,female
Dodinas,Tunnelly,male
Salvia,Chubb-Baggins,female
Angelica,Goold,female
Amethyst,Bunce,female
Tobold,Bolger,male
Fastred,Bolger-Baggins,male
Robinia,Brown,female
Lily,Whitfoot,female
Semolina,Took-Brandybuck,female
Goldilocks,Lightfoot,female
Savanna,Gardner,female
May,Goold,female
Menegilda,Greenhand,female
Pandora,Sackville,female
Robinia,Tunnelly,female
Sadoc,Rumble,male
Lalia,Longhole,female
Amethyst,Grubb,female
Rosa,Brown,female
Pimpernel,Longhole,female
Töbi,Sackville,male
Columbus,Longhole,male
Marigold,Diggle,female
Angelica,Labingi,female
Lobelia,Noakes,female
Bosco,Gamgee,male
Marcus,Grubb,male
Belladonna,Clayhanger,female
Amethyst,Hornblower,female
Prospero,Bracegirdle,male
Gruffo,Oldbuck,male
Robin,Button,male
Marmadoc,Gardner,male
Myrtle,Took-Took,female
Saradoc,Took,male
Hending,Longhole,male
Magnus,Proudfoot,male
Adelgrim,Burrows,male
Ranugad,Whitfoot,male
Alfrida,Took-Took,female
Bowman,Hornblower,male
Jemima,Goodbody,female
Dodinas,Tûk,male
Mirabella,Underhill,female
Dora,Tûk,female
Gloriana,Rumble,female
Ranugad,Hornblower,male
Bob,Lightfoot,male
Cedivar,Took,male
Isengrin,Gammidge,male
Odo,Button,male
Matta,Longhole,male
Yolanda,Tunnelly,female
Melilot,Sackville-Baggins,female
Bingo,Labingi,male
Mat,Lightfoot,male
Hamfast,Sackville,male
Ansegar,Oldbuck,male
Estella,Maggot,female
Amalda,Button,female
Arabella,Banks,female
Posco,Gamgee,male
Isembard,Clayhanger,male
Amethyst,Galbassi,female
Poppy,Took-Brandybuck,female
Amalda,Noakes,female
Isengar,Zaragamba,male
Hobson,Took,male
Roderic,Tunnelly,male
Gundahar,Chubb,male
Bruno,Gardner,male
Estella,Button,female
Fastolph,Lothran,male
Marco,Took-Brandybuck,male
Adelgrim,Took-Took,male
Bob,Gammidge,male
Columbus,Hayward,male
Gorbadoc,Gamgee,male
Mentha,Brandagamba,female
Lalia,Tunnelly,female
Bladud,Hornblower,male
Gorbadoc,Underhill,male
Jemima,Goodbody,female
Marco,Goold,male
Maxima,Baggins,female
Pervinca,Gardner,female
Ranugad,Brandybuck,male
Rudibert,Baggins,male
Semolina,Sackville,female
Ted,Lightfoot,male
Belladonna,Goodchild,female
Mentha,Brandybuck,female
Pimpernel,Burrows,female
Mirabella,Goodbody,female
Lalia,Goodchild,female
Amethyst,Hornblower,female
Posco,Hayward,male
Basso,Bolger,male
Peregrin,Galbassi,male
Marigold,Gardner,female
"Chica ",Burrows,female
Diamanda,Rumble,female
Alaric,Sackville-Baggins,male
Lalia,Goodchild,female
Asphodel,Twofoot,female
Hamfast,Bracegirdle,male
Pamphila,Greenhand,female
Bellisima,Took-Took,female
Jasmine,Rumble,female
Adelbert,Sandheaver,male
Esmeralda,Tûk,female
Celendine,Gardner,female
Haiduc,Took-Brandybuck,male
Fulvus,Baggins,male
Amethyst,Labingi,female
Prospero,Chubb,male
Primrose,Took-Took,female
Bertha,Bunce,female
Amaranth,Goldworthy,female
Theodoric,Tunnelly,male
Marigold,Gammidge,female
Belba,Gammidge,female
Bertha,Galbassi,female
Holman,Brownlock,male
Wiseman,Rumble,male
"Nora ",Proudfoot,female
"Chica ",Bolger,female
Gormadoc,Brandybuck,male
Flambard,Lothran,male
Chilimanzar,Noakes,male
Melilot,Bolger,female
Pansy,Gaukrogers,female
Folcard,Underhill,male
Arabella,Brownlock,female
Marigold,Roper,female
Amaranth,Rumble,female
Bodo,Zaragamba,male
Isengar,Roper,male
Gruffo,Zaragamba,male
Elanor,Gawkroger,female
Bellisima,Hornblower,female
Gorbaduc,Chubb,male
Sméagol,Goodbody,male
Alaric,Oldbuck,male
Poppy,Galbassi,female
Mirabella,Brandybuck,female
Hildibrand,Grubb,male
Angelica,Brown,female
Bildad,Boffin,male
Isengrin,Chubb-Baggins,male
Peregrin,Whitfoot,male
Gormadoc,Galbassi,male
Pamphila,Took-Brandybuck,female
Minto,Goldworthy,male
Crispus,Maggot,male
Athanaric,Galbassi,male
Prisca,Brockhouse,female
Sagramor,Galbassi,male
Jasmine,Goold,female
Gormadoc,Labingi,male
Gormadoc,Bracegirdle,male
Belba,Grubb,female
Pervinca,Brandybuck,female
Grimalda,Lightfoot,female
Dina,Chubb,female
Melba,Gammidge,female
Matilda,Brandagamba,female
Mentha,Longhole,female
Tanta,Burrowes,female
Odovacar,Galbassi,male
Menegilda,Maggot,female
Sago,Greenhand,male
Mimosa,Took,female
Bell,Galbassi,female
Gringamor,Whitfoot,male
Briffo,Galbassi,male
Matilda,Roper,female
Amethyst,Brandagamba,female
Alberic,Button,male
Melba,Noakes,female
Fatima,Hornblower,female
Marigold,Oldbuck,female
Cornelia,Gamgee,female
Jolly,Goold,male
Melilot,Button,female
Adaldrida,Sackville,female
Cottar,Proudfoot,male
Bertha,Proudfoot,female
Rowan,Goodchild,female
Isengar,Goodchild,male
Sagramor,Chubb,male
Hildifons,Tunnelly,male
Amalda,Rumble,female
Frodo,Goodchild,male
Lalia,Bolger,female
Primrose,Lightfoot,female
Amalda,Mugwort,female
Hildibrand,Noakes,male
Obo,Maggot,male
Chilimanzar,Brownlock,male
Melissa,Gardner,female
Esmeralda,Mugwort,female
Rosa,Lothran,female
Melilot,Greenhand,female
Cedivar,Lothran,male
Hal,Bolger,male
Yolanda,Grubb,female
Merry,Lothran,male
Amaranth,Hayward,female
Alfrida,Rumble,female
Bruno,Proudfoot,male
Savanna,Tûk,female
Gorbadoc,Fairbairn,male
Dudo,Boffin,male
Porro,Oldbuck,male
Saradas,Lightfoot,male
Sméagol,Gaukrogers,male
Rowan,Brandagamba,female
Gloriana,Bolger,female
Miranda,Sackville,female
Caramella,Twofoot,female
Isembold,Tunnelly,male
Linda,Gaukrogers,female
Hugo,Banks,male
Mirabella,Underhill,female
Merimas,Bolger,male
Melilot,Twofoot,female
Togo,Took-Brandybuck,male
Hamfast,Zaragamba,male
Athanaric,Chubb-Baggins,male
Nob,Greenhand,male
Gruffo,Oldbuck,male
Wilimar,Underhill,male
Dina,Chubb,female
Ruby,Proudfoot,female
Melissa,Chubb-Baggins,female
Celendine,Goold,female
Cerdic,Gammidge,male
Gorbaduc,Rumble,male
Guido,Took-Took,male
May,Gaukrogers,female
Tanta,Lightfoot,female
Gringamor,Brandybuck,male
Yolanda,Twofoot,female
"Nora ",Fairbairn,female
Prisca,Sandheaver,female
Tomburän,Gaukrogers,male
Ansegar,Sackville-Baggins,male
Jemima,Gamgee,female
Frodo,Hogpen,male
Bell,Zaragamba,female
Lavinia,Gardner,female
Cornelia,Gammidge,female
Mentha,Took-Took,female
Adelbert,Bolger-Baggins,male
Halfred,Burrows,male
Cosimo,Bolger-Baggins,male
Mimosa,Bracegirdle,female
Eglantine,Lightfoot,female
Bildat,Hornblower,male
Fatima,Burrows,female
Samlad,Burrowes,male
Rosamunda,Diggle,female
Matta,Zaragamba,male
Porro,Sandyman,male
Habaccuc,Banks,male
Toby,Zaragamba,male
Hamfast,Whitfoot,male
Nina,Galbassi,female
Sagramor,Goldworthy,male
Isengar,Button,male
Holman,Hogpen,male
Sadoc,Diggle,male
Hildigrim,Lightfoot,male
Scudamor,Lothran,male
Erling,Took-Took,male
Milo,Galbassi,male
Tom,Proudfoot,male
Largo,Tûk,male
Pearl,Burrows,female
Tim,Gammidge,male
Tolman,Gamgee,male
Caradas,Gammidge,male
Gruffo,Twofoot,male
Fredegar,Bracegirdle,male
Arabella,Burrowes,female
Conrad,Chubb-Baggins,male
Tóbias,Bolger,male
Herugar,Maggot,male
Arabella,Goodchild,female
Hob,Lothran,male
Gundolpho,Greenhand,male
Fulvus,Gawkroger,male
Bob,Proudfoot,male
Halfred,Gamgee,male
Bowman,Brandybuck,male
Pansy,Longhole,female
Gorhendad,Grubb,male
Wilibald,Chubb-Baggins,male
Arabella,Brockhouse,female
Iago,Twofoot,male
Lobelia,Goodchild,female
Gerda,Smallburrow,female
Togo,Sandyman,male
Orgulas,Bolger,male
Jessamine,Baggins,female
Esmeralda,Longhole,female
Fosco,Gaukrogers,male
Merimac,Lightfoot,male
Belba,Tunnelly,female
Mimosa,Maggot,female
Arabella,Brownlock,female
Hilda,Bolger-Baggins,female
Pandora,Brandybuck,female
Adaldrida,Sackville-Baggins,female
Angelica,Brandybuck,female
Pimpernel,Puddifoot,female
Caramella,Sackville-Baggins,female
Rudolph,Smallburrow,male
Inigo,Hornblower,male
Semolina,Boffin,female
Myrtle,Gawkroger,female
Filibert,Puddifoot,male
Nick,Hornblower,male
Melba,Took-Took,female
Brutus,Chubb,male
Semolina,Gaukrogers,female
Fatima,Lightfoot,female
Daisy,Rumble,female
Merimac,Goold,male
Polo,Brandybuck,male
Lobelia,Headstrong,female
Pearl,Gardner,female
Robinia,Lothran,female
Mirabella,Brownlock,female
Ceredic,Goldworthy,male
Jasmine,Clayhanger,female
Belba,Bracegirdle,female
Cottar,Diggle,male
Meriadoc,Brown,male
Cara,Mugwort,female
Belba,Gardner,female
Crassus,Rumble,male
Amalda,Chubb,female
Briffo,Oldbuck,male
Diamanda,Zaragamba,female
Estella,Maggot,female
Nahand,Whitfoot,male
Bertha,Smallburrow,female
Melilot,Headstrong,female
Amethyst,Sackville-Baggins,female
Pansy,Goold,female
Celendine,Goold,female
Alfrida,Galbassi,female
Fortinbras,Baggins,male
Merry,Rumble,male
Athanaric,Chubb,male
Laura,Gaukrogers,female
Maxima,Brownlock,female
Otho,Zaragamba,male
Peony,Sandyman,female
Nick,Greenhand,male
Marigold,Gamgee,female
Daisy,Diggle,female
Flambard,Noakes,male
Donnamira,Roper,female
Carambo,Brockhouse,male
Halfred,Tûk,male
Amethyst,Grubb,female
Poppy,Labingi,female
Herugar,Gawkroger,male
Robur,Chubb,male
Celendine,Hogpen,female
Longo,Underhill,male
Estella,Sackville,female
Ilberic,Lightfoot,male
Faramir,Brockhouse,male
Bob,Tunnelly,male
Guido,Fairbairn,male
Malva,Fairbairn,female
Goldilocks,Noakes,female
Iolo,Goldworthy,male
Tanta,Whitfoot,female
Banazir,Maggot,male
Lobelia,Burrows,female
Bellisima,Brockhouse,female
Rose,Tunnelly,female
Alfrida,Rumble,female
Grossman,Headstrong,male
Toby,Twofoot,male
Elanor,Underhill,female
Dinodas,Tûk,male
Alaric,Brockhouse,male
Peregrin,Labingi,male
Rose,Galbassi,female
Rosamunda,Mugwort,female
Obo,Took-Took,male
Esmeralda,Goodchild,female
Gundolpho,Banks,male
Arabella,Bolger-Baggins,female
Linda,Lightfoot,female
Arnor,Took,male
Semolina,Bolger,female
Tolman,Tûk,male
Polo,Brandagamba,male
Mantissa,Chubb,female
Rowan,Sackville-Baggins,female
Arnor,Banks,male
Jago,Puddifoot,male
Estella,Boffin,female
Duenna,Boffin,female
Flambard,Headstrong,male
Tanta,Chubb,female
Jessamine,Roper,female
Diamanda,Bolger,female
Marmaduke,Twofoot,male
Heribald,Boffin,male
Peony,Sandyman,female
Mat,Proudfoot,male
Cedivar,Brandybuck,male
Carambo,Took,male
Guido,Brownlock,male
Belba,Bolger,female
Melilot,Sandheaver,female
Bucca,Brownlock,male
Belisarius,Brandagamba,male
Guido,Whitfoot,male
Robin,Whitfoot,male
Rhoda,Hornblower,female
Arnor,Galbassi,male
Amanda,Lightfoot,female
Odovacar,Oldbuck,male
Halfred,Gamgee,male
Fulvus,Proudfoot,male
Marmaduc,Goold,male
Falco,Sandyman,male
Bell,Baggins,female
Rose,Mugwort,female
Haiduc,Goodbody,male
Regina,Oldbuck,female
Tomba,Hornblower,male
Falco,Proudfoot,male
Gundahar,Gardner,male
Guido,Diggle,male
Saradas,Sandheaver,male
"Chica ",Grubb,female
Ranugad,Brownlock,male
Goodwill,Underhill,male
Holfast,Hogpen,male
Mungo,Brandagamba,male
Mirabella,Whitfoot,female
Athanaric,Oldbuck,male
Sancho,Chubb,male
Angelica,Tûk,female
Blanco,Bracegirdle,male
Salvia,Hayward,female
Flavus,Burrowes,male
Sancho,Hornblower,male
Gilly,Bracegirdle,female
Gilly,Boffin,female
Asphodel,Oldbuck,female
Duenna,Button,female
Reginard,Took-Brandybuck,male
Maura,Brandybuck,male
Isengrin,Headstrong,male
Matta,Brown,male
Mosco,Smallburrow,male
Jemima,Underhill,female
Esmeralda,Goold,female
Nick,Bolger-Baggins,male
Rowan,Baggins,female
Alfrida,Noakes,female
Mirabella,Noakes,female
Rudigar,Headstrong,male
Rosamunda,Hogpen,female
Isengrin,Sandyman,male
Gormadoc,Sandyman,male
Belinda,Gamgee,female
Cara,Goodchild,female
Gerontius,Fairbairn,male
Nina,Zaragamba,female
Kalimac,Whitfoot,male
Primrose,Took,female
Tóbias,Goold,male
Hilda,Gammidge,female
Rorimac,Bracegirdle,male
Goldilocks,Grubb,female
Menegilda,Button,female
Mattalic,Maggot,male
Jasmine,Tûk,female
Roderic,Galbassi,male
Bellisima,Sandyman,female
Wilibald,Brandagamba,male
Pimpernel,Puddifoot,female
Uffo,Sandyman,male
Bertha,Took,female
Camelia,Gaukrogers,female
Mirabella,Burrows,female
"Chica ",Bolger,female
Esmeralda,Goldworthy,female
Pearl,Banks,female
Déagol,Gamgee,male
Tim,Baggins,male
Bildad,Brockhouse,male
Chilimanzar,Smallburrow,male
Duenna,Puddifoot,female
Valdemar,Lightfoot,male
Lotho,Lothran,male
Isembard,Twofoot,male
Rose,Took-Brandybuck,female
Scudamor,Brownlock,male
Grimalda,Brandagamba,female
Caramella,Grubb,female
Laura,Labingi,female
Paladin,Puddifoot,male
Tomacca,Gammidge,male
Mimosa,Took,female
Rose,Puddifoot,female
Savanna,Burrows,female
Gorbulas,Burrowes,male
Pervinca,Took-Brandybuck,female
Basso,Sandyman,male
Nina,Puddifoot,female
Cara,Chubb-Baggins,female
Holman,Lothran,male
Rose,Greenhand,female
Iolo,Goodbody,male
Töbi,Burrowes,male
Wilimar,Gaukrogers,male
Celendine,Took-Brandybuck,female
Mentha,Bolger-Baggins,female
Cornelia,Lightfoot,female
Duenna,Sackville,female
Roderic,Headstrong,male
Madoc,Brandybuck,male
Isengrin,Sandyman,male
Bell,Galbassi,female
Holfast,Fairbairn,male
Bilcuzal,Burrows,male
Savanna,Gammidge,female
Linda,Sandyman,female
Camelia,Chubb-Baggins,female
Tomacca,Hayward,male
Nibs,Bolger-Baggins,male
Gundolpho,Galbassi,male
"Nora ",Sandheaver,female
Bowman,Boffin,male
Fortinbras,Gammidge,male
Duenna,Sackville,female
Poppy,Burrows,female
Priamus,Labingi,male
Semolina,Underhill,female
Savanna,Lightfoot,female
Caradas,Diggle,male
Belladonna,Longhole,female
Poppy,Brownlock,female
Peony,Sandyman,female
Poppy,Noakes,female
Wilibald,Bolger-Baggins,male
Flambard,Brockhouse,male
Marmaduke,Brown,male
Scudamor,Clayhanger,male
Bingo,Grubb,male
Amanda,Goodbody,female
Wilimar,Sackville-Baggins,male
Donnamira,Bolger,female
Estella,Bunce,female
Rose,Greenhand,female
Gringamor,Brandagamba,male
Arabella,Puddifoot,female
Bandobras,Bolger-Baggins,male
Rosa,Brownlock,female
Lamorac,Lothran,male
Yolanda,Noakes,female
Laura,Brandybuck,female
Minto,Longhole,male
Jolly,Proudfoot,male
Bruno,Bolger-Baggins,male
Kalimac,Bracegirdle,male
Bellisima,Lightfoot,female
Daisy,Grubb,female
Pamphila,Hogpen,female
Adaldrida,Button,female
Fastred,Hornblower,male
Saradas,Bracegirdle,male
Rowan,Whitfoot,female
Crispus,Rumble,male
Jemima,Hayward,female
Ansegar,Button,male
Pimpernel,Grubb,female
Amaranth,Whitfoot,female
Grimalda,Hornblower,female
Mantissa,Brockhouse,female
Rosamunda,Brockhouse,female
Olo,Chubb-Baggins,male
Pimpernel,Brandybuck,female
Erling,Fairbairn,male
Bellisima,Burrows,female
Ansegar,Goodchild,male
Nina,Galbassi,female
Milo,Sackville-Baggins,male
Savanna,Gardner,female
Belinda,Banks,female
Dodinas,Diggle,male
Maxima,Smallburrow,female
Salvia,Labingi,female
Nibs,Gamgee,male
Menegilda,Mugwort,female
Salvia,Button,female
Dora,Goldworthy,female
Bladud,Gardner,male
Fredegar,Gardner,male
Bucca,Hogpen,male
Orgulas,Smallburrow,male
Odo,Labingi,male
Lobelia,Oldbuck,female
Fastred,Tunnelly,male
Savanna,Whitfoot,female
Amanda,Baggins,female
Amanda,Headstrong,female
Isembold,Longhole,male
Drogo,Proudfoot,male
May,Chubb,female
Jessamine,Longhole,female
Gringamor,Gawkroger,male
Adelgrim,Tûk,male
Primula,Chubb,female
Laura,Labingi,female
Largo,Headstrong,male
Isengrim,Hogpen,male
Belinda,Grubb,female
Prima,Took,female
Robinia,Took-Took,female
Tolman,Hogpen,male
Angelica,Whitfoot,female
Melissa,Hornblower,female
Robinia,Sandyman,female
Grossman,Brandagamba,male
Madoc,Bolger,male
Tim,Chubb,male
Berilac,Brandagamba,male
Andwise,Sandyman,male
Amanda,Puddifoot,female
Pansy,Bolger,female
Balbo,Burrowes,male
Adelard,Whitfoot,male
Celendine,Galbassi,female
Laura,Mugwort,female
Jessamine,Smallburrow,female
Madoc,Bracegirdle,male
Longo,Rumble,male
Cornelia,Lightfoot,female
Moro,Diggle,male
Marroc,Tûk,male
Falco,Burrowes,male
Gloriana,Gamgee,female
Jessamine,Clayhanger,female
Melilot,Puddifoot,female
Regina,Goodchild,female
Nick,Brownlock,male
Hildifons,Bunce,male
Mat,Labingi,male
Halfred,Longhole,male
Belinda,Took-Brandybuck,female
Rosa,Bolger-Baggins,female
Gloriana,Burrows,female
Rose,Sackville-Baggins,female
Mirabella,Zaragamba,female
Daisy,Smallburrow,female
Adelard,Hayward,male
Robinia,Whitfoot,female
Tomburän,Hogpen,male
Melilot,Gammidge,female
Donnamira,Sandheaver,female
Amaranth,Chubb,female
Isengrin,Rumble,male
Jasmine,Bolger-Baggins,female
Gilly,Oldbuck,female
Lobelia,Burrows,female
Sancho,Roper,male
Peony,Goodchild,female
Rudigar,Goldworthy,male
Eglantine,Galbassi,female
Ilberic,Boffin,male
Marmadoc,Sackville-Baggins,male
Marmadoc,Burrowes,male
Amanda,Banks,female
Hildigard,Brown,male
Celendine,Greenhand,female
Peony,Goold,female
Esmeralda,Maggot,female
Iago,Rumble,male
Sago,Banks,male
Sadoc,Bunce,male
Pansy,Burrows,female
Caramella,Zaragamba,female
Mimosa,Boffin,female
Berylla,Rumble,female
Jessamine,Tûk,female
Cora,Goldworthy,female
Berylla,Whitfoot,female
Alfrida,Bolger,female
Menegilda,Took-Brandybuck,female
Jemima,Bolger,female
Maxima,Brown,female
Fulvus,Tûk,male
Menegilda,Bracegirdle,female
Tobold,Bolger,male
Primrose,Fairbairn,female
Bellisima,Mugwort,female
Cornelia,Grubb,female
Lalia,Mugwort,female
Cornelia,Hogpen,female
Gilly,Brownlock,female
Scudamor,Smallburrow,male
Isembard,Puddifoot,male
Inigo,Rumble,male
Goodwill,Hogpen,male
Bodo,Sandyman,male
Peony,Headstrong,female
Pimpernel,Goodchild,female
Peony,Hogpen,female
Marmaduc,Burrows,male
Amalda,Longhole,female
Belladonna,Galbassi,female
Primrose,Labingi,female
Hob,Button,male
Miranda,Banks,female
Estella,Smallburrow,female
Columbus,Bolger,male
Faramir,Took,male
Griffo,Sandyman,male
Carambo,Roper,male
Salvia,Baggins,female
Columbus,Diggle,male
Holman,Labingi,male
Daisy,Bolger,female
Vigo,Maggot,male
Bildat,Fairbairn,male
Toby,Greenhand,male
Ceredic,Goldworthy,male
Matta,Gaukrogers,male
Bildat,Baggins,male
Sagramor,Sackville,male
Prisca,Proudfoot,female
Lavinia,Maggot,female
Priamus,Button,male
Amaranth,Zaragamba,female
Marco,Burrows,male
Drogo,Brownlock,male
Belinda,Chubb,female
Crassus,Lightfoot,male
Marmaduc,Galbassi,male
Diamanda,Button,female
Marmaduke,Longhole,male
Bilba,Gaukrogers,male
Vigo,Roper,male
Selina,Burrows,female
Maxima,Bolger-Baggins,female
Mantissa,Mugwort,female
Berylla,Bolger,female
Grossman,Goodchild,male
Celendine,Took-Took,female
Laura,Sandheaver,female
Blanco,Gawkroger,male
Cedivar,Sandyman,male
Tom,Lothran,male
Haiduc,Labingi,male
Bladud,Bolger,male
Gloriana,Mugwort,female
Hilda,Longhole,female
Minto,Bracegirdle,male
Timba,Lightfoot,male
Hamfast,Gamgee,male
Seredic,Brownlock,male
Bilba,Whitfoot,male
Peony,Rumble,female
Jemima,Tûk,female
Gorbadoc,Puddifoot,male
Cora,Bracegirdle,female
Semolina,Fairbairn,female
Celendine,Underhill,female
Matilda,Galbassi,female
Lalia,Brockhouse,female
Moro,Sandheaver,male
Bertha,Burrowes,female
Jasmine,Lightfoot,female
Dora,Boffin,female
Mungo,Proudfoot,male
Matilda,Bracegirdle,female
Tolman,Goodchild,male
Goldilocks,Diggle,female
Primula,Oldbuck,female
Banazir,Hogpen,male
Mat,Brown,male
Asphodel,Button,female
Hugo,Gamgee,male
Iago,Sackville-Baggins,male
Elfstan,Zaragamba,male
Menegilda,Sandyman,female
Wiseman,Labingi,male
Duenna,Hogpen,female
Amalda,Gammidge,female
Ruby,Button,female
Bertha,Goold,female
Falco,Hogpen,male
Regina,Sackville-Baggins,female
Nina,Tunnelly,female
Linda,Tunnelly,female
Semolina,Brockhouse,female
Merimac,Sackville,male
Hildibrand,Hogpen,male
Vigo,Sackville,male
Adelgrim,Burrowes,male
Mirabella,Brownlock,female
Gloriana,Underhill,female
Camelia,Sackville-Baggins,female
Odovacar,Goodchild,male
Hildifons,Twofoot,male
Timba,Goodchild,male
Sagramor,Diggle,male
Cara,Rumble,female
Lavinia,Button,female
Rudolph,Took-Brandybuck,male
Elanor,Roper,female
Caradoc,Chubb,male
Linda,Boffin,female
Gorbulas,Gardner,male
Priamus,Gardner,male
Estella,Banks,female
Falco,Galbassi,male
Banazir,Burrows,male
Amethyst,Fairbairn,female
Rosa,Greenhand,female
Fredegar,Brandagamba,male
Scudamor,Gawkroger,male
Savanna,Sackville,female
Tobold,Underhill,male
Primula,Sackville-Baggins,female
Rhoda,Sandyman,female
Ranugad,Gawkroger,male
Hob,Brandybuck,male
Polo,Mugwort,male
Fortinbras,Maggot,male
Gundahar,Took-Took,male
Bellisima,Greenhand,female
Herugar,Bolger-Baggins,male
Alberic,Gawkroger,male
Elfstan,Goodchild,male
Lalia,Grubb,female
Folco,Puddifoot,male
Mungo,Took-Brandybuck,male
Saradas,Mugwort,male
Bellisima,Sackville-Baggins,female
Caradoc,Brown,male
Belba,Lightfoot,female
Bingo,Noakes,male
Hilda,Burrowes,female
Cara,Sandheaver,female
Melissa,Took-Brandybuck,female
Folco,Fairbairn,male
Falco,Diggle,male
Hugo,Mugwort,male
Briffo,Maggot,male
Samlad,Bolger-Baggins,male
Nicol,Fairbairn,male
Bell,Hornblower,female
Folcard,Puddifoot,male
Ruby,Took-Brandybuck,female
Lavinia,Zaragamba,female
Cara,Bolger-Baggins,female
Tóbias,Tûk,male
Mirabella,Sackville,female
Gerontius,Burrowes,male
Bandobras,Brandagamba,male
Donnamira,Diggle,female
Linda,Took,female
Bingo,Clayhanger,male
Ansegar,Chubb-Baggins,male
Jessamine,Greenhand,female
Cotman,Sandyman,male
Malva,Gardner,female
Caradas,Clayhanger,male
Pansy,Gamgee,female
Myrtle,Noakes,female
Malva,Banks,female
Belba,Goodchild,female
Daisy,Goodbody,female
Roderic,Tunnelly,male
Wilimar,Greenhand,male
Belisarius,Zaragamba,male
Faramir,Hornblower,male
Mantissa,Button,female
Lobelia,Gardner,female
Fredegar,Smallburrow,male
Milo,Proudfoot,male
Belladonna,Lightfoot,female
Bercilac,Smallburrow,male
Grimalda,Goodbody,female
Hamilcar,Oldbuck,male
"Chica ",Brownlock,female
Marmaduc,Boffin,male
Pervinca,Burrowes,female
Savanna,Noakes,female
Wilimar,Chubb-Baggins,male
Nicol,Goodchild,male
Alfrida,Hayward,female
Polo,Zaragamba,male
Diamond,Goodchild,female
Pimpernel,Hornblower,female
Mimosa,Tûk,female
Lobelia,Chubb-Baggins,female
Mattalic,Boffin,male
Yolanda,Hayward,female
Pervinca,Sandheaver,female
Alaric,Took-Brandybuck,male
Matilda,Greenhand,female
Iago,Gawkroger,male
Inigo,Twofoot,male
Salvia,Brownlock,female
Gringamor,Bolger,male
Adelgrim,Headstrong,male
Crassus,Brownlock,male
Gorbaduc,Fairbairn,male
Rosa,Bolger,female
Angelica,Brown,female
Adaldrida,Boffin,female
Jo,Longhole,male
Marmadoc,Whitfoot,male
Gerda,Brown,female
Orgulas,Sackville,male
Habaccuc,Sackville,male
Celendine,Brownlock,female
Dodinas,Maggot,male
Dudo,Gawkroger,male
Nick,Brandybuck,male
Nob,Rumble,male
Menegilda,Rumble,female
Cosimo,Underhill,male
Halfred,Grubb,male
Tolman,Sandyman,male
Briffo,Bolger-Baggins,male
Amanda,Underhill,female
Samlad,Whitfoot,male
Mimosa,Lightfoot,female
Hildigard,Brandagamba,male
Fatima,Chubb,female
Donnamira,Sandheaver,female
Rosamunda,Noakes,female
Gloriana,Fairbairn,female
Cora,Goldworthy,female
Jemima,Gaukrogers,female
Tim,Bracegirdle,male
"Chica ",Brown,female
Rhoda,Labingi,female
Salvia,Mugwort,female
Ansegar,Baggins,male
Maxima,Took-Brandybuck,female
Carl,Goodchild,male
Sagramor,Burrows,male
Gloriana,Brandybuck,female
Bungo,Sandheaver,male
Selina,Maggot,female
Hildigrim,Burrows,male
Carl,Sackville-Baggins,male
Obo,Goldworthy,male
Maura,Took,male
Lotho,Sandheaver,male
Celendine,Diggle,female
Wilibald,Sandyman,male
Pansy,Noakes,female
Uffo,Grubb,male
Minto,Chubb,male
Fortinbras,Bracegirdle,male
Isengar,Hornblower,male
Pandora,Maggot,female
Orlando,Sackville,male
Grimalda,Fairbairn,female
Inigo,Underhill,male
Rollo,Goldworthy,male
Uffo,Banks,male
Jolly,Gawkroger,male
Samlad,Goodbody,male
Linda,Took-Brandybuck,female
Bellisima,Headstrong,female
Iago,Sackville,male
Samwise,Goldworthy,male
Balbo,Tunnelly,male
Savanna,Labingi,female
Samwise,Greenhand,male
Fulvus,Button,male
Andwise,Tunnelly,male
Rudibert,Goold,male
Nina,Bunce,female
Regina,Bunce,female
Töbi,Button,male
Crassus,Hornblower,male
Hugo,Bunce,male
Marroc,Button,male
Celendine,Bracegirdle,female
Holfast,Tûk,male
Columbus,Hayward,male
Frodo,Brownlock,male
Poppy,Longhole,female
Heribald,Gawkroger,male
Mattalic,Hayward,male
Töbi,Puddifoot,male
Jessamine,Brockhouse,female
Amaranth,Labingi,female
Gundabald,Maggot,male
Amanda,Gawkroger,female
Regina,Noakes,female
Berylla,Diggle,female
Lotho,Took-Took,male
Nicol,Brockhouse,male
Matilda,Brandybuck,female
Prospero,Lothran,male
Gruffo,Tûk,male
Maura,Roper,male
Duenna,Bunce,female
Mantissa,Gawkroger,female
Nina,Twofoot,female
Vigo,Galbassi,male
Alfrida,Bolger-Baggins,female
Celendine,Longhole,female
Selina,Greenhand,female
Gruffo,Goold,male
Miranda,Rumble,female
Angelica,Zaragamba,female
Fulvus,Brockhouse,male
Samlad,Hayward,male
Gilly,Greenhand,female
Doderic,Goold,male
Hilda,Tûk,female
Columbus,Twofoot,male
Semolina,Gammidge,female
Saradoc,Clayhanger,male
Camelia,Chubb,female
Robur,Galbassi,male
Bellisima,Mugwort,female
Magnus,Bolger-Baggins,male
Belinda,Gardner,female
Tomburän,Fairbairn,male
Isengar,Gamgee,male
Adaldrida,Hogpen,female
Goldilocks,Gamgee,female
Gloriana,Sackville,female
Rudolph,Gammidge,male
Caradas,Hornblower,male
Fastolph,Sackville-Baggins,male
Amethyst,Sackville-Baggins,female
Hobson,Sandyman,male
Gorhendad,Gawkroger,male
Bilbo,Hayward,male
Wilimar,Hornblower,male
"Nora ",Brown,female
Nina,Mugwort,female
Arabella,Smallburrow,female
Berilac,Longhole,male
Linda,Goodbody,female
Briffo,Brownlock,male
Pervinca,Proudfoot,female
Lamorac,Button,male
Myrtle,Bolger-Baggins,female
Ansegar,Sackville,male
Belba,Clayhanger,female
Amanda,Brandagamba,female
Sancho,Gamgee,male
"Chica ",Longhole,female
Griffo,Brownlock,male
Amalda,Gamgee,female
Mat,Bolger,male
Alfrida,Gaukrogers,female
Seredic,Chubb-Baggins,male
Pansy,Brandybuck,female
Rose,Brown,female
Prima,Sackville-Baggins,female
Polo,Mugwort,male
Cora,Mugwort,female
Jemima,Brownlock,female
Salvia,Button,female
Arnor,Twofoot,male
Otho,Whitfoot,male
Hildifons,Baggins,male
Merimac,Tunnelly,male
Matta,Longhole,male
Gilly,Whitfoot,female
Donnamira,Chubb,female
Hal,Underhill,male
Grimalda,Gardner,female
Bungo,Grubb,male
Fatima,Hogpen,female
Balbo,Goldworthy,male
Roderic,Bolger-Baggins,male
Briffo,Banks,male
